id_venta,fecha,cliente,ciudad,producto,categoria,cantidad,precio_unitario,importe,importe_std,medio_pago_efectivo,medio_pago_qr,medio_pago_tarjeta,medio_pago_transferencia,precio,email,alta
1,19-06-2024,Guadalupe Romero,Carlos Paz,Toallas Húmedas x50,Limpieza,1,2902.0,2902.0,-0.9182589695353444,False,False,True,False,2902.0,guadalupe.romero@mail.com,03-03-2023
2,17-03-2024,Olivia Gomez,Rio Cuarto,Aceitunas Negras 200g,Limpieza,5,2394.0,11970.0,0.8063964935333122,False,True,False,False,2394.0,olivia.gomez@mail.com,18-02-2023
2,17-03-2024,Olivia Gomez,Rio Cuarto,Helado Vainilla 1L,Alimentos,5,469.0,2345.0,-1.0241955699907084,False,True,False,False,469.0,olivia.gomez@mail.com,18-02-2023
2,17-03-2024,Olivia Gomez,Rio Cuarto,Fernet 750ml,Limpieza,2,4061.0,8122.0,0.07454005089015053,False,True,False,False,4061.0,olivia.gomez@mail.com,18-02-2023
2,17-03-2024,Olivia Gomez,Rio Cuarto,Medialunas de Manteca,Limpieza,1,2069.0,2069.0,-1.0766883917603323,False,True,False,False,2069.0,olivia.gomez@mail.com,18-02-2023
2,17-03-2024,Olivia Gomez,Rio Cuarto,Hamburguesas Congeladas x4,Alimentos,4,2420.0,9680.0,0.3708582259520128,False,True,False,False,2420.0,olivia.gomez@mail.com,18-02-2023
3,13-01-2024,Tomas Acosta,Rio Cuarto,Yerba Mate Suave 1kg,Alimentos,2,3878.0,7756.0,0.00493000463043192,False,False,True,False,3878.0,tomas.acosta@mail.com,20-01-2023
3,13-01-2024,Tomas Acosta,Rio Cuarto,Pepsi 1.5L,Limpieza,2,4973.0,9946.0,0.4214491338894039,False,False,True,False,4973.0,tomas.acosta@mail.com,20-01-2023
3,13-01-2024,Tomas Acosta,Rio Cuarto,Jugo en Polvo Naranja,Alimentos,1,1856.0,1856.0,-1.11719915638689,False,False,True,False,1856.0,tomas.acosta@mail.com,20-01-2023
4,27-02-2024,Martina Molina,Mendiolaza,Fanta Naranja 1.5L,Limpieza,2,2033.0,4066.0,-0.6968761994634524,False,False,False,True,2033.0,martina.molina@mail.com,05-02-2023
4,27-02-2024,Martina Molina,Mendiolaza,Bizcochos Salados,Alimentos,5,2380.0,11900.0,0.7930830967076831,False,False,False,True,2380.0,martina.molina@mail.com,05-02-2023
5,11-06-2024,Bruno Diaz,Rio Cuarto,Jugo en Polvo Limón,Limpieza,4,4090.0,16360.0,1.641336665883489,False,False,True,False,4090.0,bruno.diaz@mail.com,25-02-2023
6,05-05-2024,Uma Sanchez,Mendiolaza,Galletitas Vainilla,Alimentos,2,4015.0,8030.0,0.05704244363360924,False,False,False,True,4015.0,uma.sanchez@mail.com,01-04-2023
6,05-05-2024,Uma Sanchez,Mendiolaza,Mix de Frutos Secos 200g,Alimentos,3,3409.0,10227.0,0.47489291257514415,False,False,False,True,3409.0,uma.sanchez@mail.com,01-04-2023
6,05-05-2024,Uma Sanchez,Mendiolaza,Queso Untable 190g,Alimentos,1,1830.0,1830.0,-1.122144132350695,False,False,False,True,1830.0,uma.sanchez@mail.com,01-04-2023
6,05-05-2024,Uma Sanchez,Mendiolaza,Chicle Menta,Alimentos,4,3612.0,14448.0,1.2776907411605873,False,False,False,True,3612.0,uma.sanchez@mail.com,01-04-2023
7,06-05-2024,Mariana Rodriguez,Alta Gracia,Granola 250g,Alimentos,3,4337.0,13011.0,1.0043857234687414,True,False,False,False,4337.0,mariana.rodriguez@mail.com,02-04-2023
8,06-01-2024,Tomas Herrera,Villa Maria,Lavandina 1L,Alimentos,5,1664.0,8320.0,0.11219794476835895,False,False,False,True,1664.0,tomas.herrera@mail.com,07-03-2023
8,06-01-2024,Tomas Herrera,Villa Maria,Queso Rallado 150g,Limpieza,4,3444.0,13776.0,1.1498821316345467,False,False,False,True,3444.0,tomas.herrera@mail.com,07-03-2023
8,06-01-2024,Tomas Herrera,Villa Maria,Vino Blanco 750ml,Limpieza,5,2684.0,13420.0,1.082173999207061,False,False,False,True,2684.0,tomas.herrera@mail.com,07-03-2023
9,20-01-2024,Diego Torres,Cordoba,Cerveza Rubia 1L,Alimentos,4,2423.0,9692.0,0.3731405225506921,True,False,False,False,2423.0,diego.torres@mail.com,27-03-2023
10,28-05-2024,Diego Diaz,Rio Cuarto,Dulce de Leche 400g,Limpieza,2,2559.0,5118.0,-0.4967948643125672,False,True,False,False,2559.0,diego.diaz@mail.com,21-02-2023
10,28-05-2024,Diego Diaz,Rio Cuarto,Trapo de Piso,Limpieza,4,4854.0,19416.0,2.222561533013817,False,True,False,False,4854.0,diego.diaz@mail.com,21-02-2023
10,28-05-2024,Diego Diaz,Rio Cuarto,Mermelada de Durazno 400g,Alimentos,3,3196.0,9588.0,0.35336061869547153,False,True,False,False,3196.0,diego.diaz@mail.com,21-02-2023
10,28-05-2024,Diego Diaz,Rio Cuarto,Stevia 100 sobres,Limpieza,1,3848.0,3848.0,-0.7383379210061263,False,True,False,False,3848.0,diego.diaz@mail.com,21-02-2023
11,10-04-2024,Tomas Acosta,Rio Cuarto,Té Verde 20 saquitos,Alimentos,1,2383.0,2383.0,-1.016968297428224,False,True,False,False,2383.0,tomas.acosta@mail.com,20-01-2023
11,10-04-2024,Tomas Acosta,Rio Cuarto,Cerveza Rubia 1L,Alimentos,2,2423.0,4846.0,-0.548526920549298,False,True,False,False,2423.0,tomas.acosta@mail.com,20-01-2023
11,10-04-2024,Tomas Acosta,Rio Cuarto,Papas Fritas Clásicas 100g,Limpieza,1,936.0,936.0,-1.2921752289523027,False,True,False,False,936.0,tomas.acosta@mail.com,20-01-2023
12,28-06-2024,Rocio Gonzalez,Cordoba,Ron 700ml,Limpieza,2,3876.0,7752.0,0.004169239097538821,True,False,False,False,3876.0,rocio.gonzalez@mail.com,06-04-2023
12,28-06-2024,Rocio Gonzalez,Cordoba,Azúcar 1kg,Limpieza,2,727.0,1454.0,-1.1936560924426465,True,False,False,False,727.0,rocio.gonzalez@mail.com,06-04-2023
12,28-06-2024,Rocio Gonzalez,Cordoba,Papel Higiénico x4,Limpieza,3,2532.0,7596.0,-0.02550061668529206,True,False,False,False,2532.0,rocio.gonzalez@mail.com,06-04-2023
12,28-06-2024,Rocio Gonzalez,Cordoba,Sopa Instantánea Pollo,Alimentos,3,1679.0,5037.0,-0.5122003663536525,True,False,False,False,1679.0,rocio.gonzalez@mail.com,06-04-2023
12,28-06-2024,Rocio Gonzalez,Cordoba,Mermelada de Frutilla 400g,Limpieza,4,1584.0,6336.0,-0.2651417595466184,True,False,False,False,1584.0,rocio.gonzalez@mail.com,06-04-2023
13,24-01-2024,Uma Medina,Villa Maria,Sopa Instantánea Pollo,Alimentos,1,1679.0,1679.0,-1.1508630312174095,False,False,True,False,1679.0,uma.medina@mail.com,06-01-2023
13,24-01-2024,Uma Medina,Villa Maria,Aceitunas Verdes 200g,Alimentos,3,2520.0,7560.0,-0.03234750648132995,False,False,True,False,2520.0,uma.medina@mail.com,06-01-2023
13,24-01-2024,Uma Medina,Villa Maria,Té Verde 20 saquitos,Alimentos,1,2383.0,2383.0,-1.016968297428224,False,False,True,False,2383.0,uma.medina@mail.com,06-01-2023
14,18-04-2024,Ivana Romero,Alta Gracia,Dulce de Leche 400g,Limpieza,4,2559.0,10236.0,0.4766046350241536,False,True,False,False,2559.0,ivana.romero@mail.com,08-03-2023
14,18-04-2024,Ivana Romero,Alta Gracia,Ron 700ml,Limpieza,5,3876.0,19380.0,2.2157146432177792,False,True,False,False,3876.0,ivana.romero@mail.com,08-03-2023
14,18-04-2024,Ivana Romero,Alta Gracia,Mermelada de Frutilla 400g,Limpieza,3,1584.0,4752.0,-0.5664049105722858,False,True,False,False,1584.0,ivana.romero@mail.com,08-03-2023
14,18-04-2024,Ivana Romero,Alta Gracia,Limpiavidrios 500ml,Alimentos,1,872.0,872.0,-1.3043474774785924,False,True,False,False,872.0,ivana.romero@mail.com,08-03-2023
15,27-06-2024,Bruno Diaz,Rio Cuarto,Mermelada de Durazno 400g,Alimentos,3,3196.0,9588.0,0.35336061869547153,False,False,False,True,3196.0,bruno.diaz@mail.com,25-02-2023
16,12-04-2024,Nicolas Rojas,Carlos Paz,Barrita de Cereal 30g,Alimentos,5,4430.0,22150.0,2.7425447747462504,True,False,False,False,4430.0,nicolas.rojas@mail.com,02-01-2023
17,17-02-2024,Felipe Castro,Villa Maria,Aceitunas Verdes 200g,Alimentos,5,2520.0,12600.0,0.9262170649639755,True,False,False,False,2520.0,felipe.castro@mail.com,29-03-2023
17,17-02-2024,Felipe Castro,Villa Maria,Lentejas Secas 500g,Limpieza,5,3036.0,15180.0,1.4169108336800247,True,False,False,False,3036.0,felipe.castro@mail.com,29-03-2023
17,17-02-2024,Felipe Castro,Villa Maria,Whisky 750ml,Limpieza,3,2953.0,8859.0,0.21471110032570412,True,False,False,False,2953.0,felipe.castro@mail.com,29-03-2023
18,11-06-2024,Camila Ruiz,Carlos Paz,Chocolate con Leche 100g,Alimentos,2,1255.0,2510.0,-0.9928139917588681,False,True,False,False,1255.0,camila.ruiz@mail.com,22-03-2023
18,11-06-2024,Camila Ruiz,Carlos Paz,Fanta Naranja 1.5L,Limpieza,5,2033.0,10165.0,0.4631010468153011,False,True,False,False,2033.0,camila.ruiz@mail.com,22-03-2023
18,11-06-2024,Camila Ruiz,Carlos Paz,Galletitas Chocolate,Limpieza,2,1305.0,2610.0,-0.9737948534365406,False,True,False,False,1305.0,camila.ruiz@mail.com,22-03-2023
18,11-06-2024,Camila Ruiz,Carlos Paz,Leche Descremada 1L,Alimentos,3,2538.0,7614.0,-0.02207717178727311,False,True,False,False,2538.0,camila.ruiz@mail.com,22-03-2023
18,11-06-2024,Camila Ruiz,Carlos Paz,Medialunas de Manteca,Limpieza,5,2069.0,10345.0,0.4973354957954906,False,True,False,False,2069.0,camila.ruiz@mail.com,22-03-2023
19,11-06-2024,Gael Ruiz,Mendiolaza,Mermelada de Frutilla 400g,Limpieza,2,1584.0,3168.0,-0.8676680615979532,True,False,False,False,1584.0,gael.ruiz@mail.com,21-03-2023
19,11-06-2024,Gael Ruiz,Mendiolaza,Desengrasante 500ml,Limpieza,3,2843.0,8529.0,0.1519479438620234,True,False,False,False,2843.0,gael.ruiz@mail.com,21-03-2023
19,11-06-2024,Gael Ruiz,Mendiolaza,Granola 250g,Alimentos,3,4337.0,13011.0,1.0043857234687414,True,False,False,False,4337.0,gael.ruiz@mail.com,21-03-2023
20,13-01-2024,Santiago Castro,Rio Cuarto,Chocolate Amargo 100g,Limpieza,3,2234.0,6702.0,-0.1955317132868998,False,False,True,False,2234.0,santiago.castro@mail.com,16-03-2023
21,19-06-2024,Karina Acosta,Cordoba,Pizza Congelada Muzzarella,Limpieza,5,4286.0,21430.0,2.6056069788254925,False,False,False,True,4286.0,karina.acosta@mail.com,10-01-2023
21,19-06-2024,Karina Acosta,Cordoba,Barrita de Cereal 30g,Alimentos,1,4430.0,4430.0,-0.6276465359701804,False,False,False,True,4430.0,karina.acosta@mail.com,10-01-2023
22,08-05-2024,Julian Alvarez,Villa Maria,Yerba Mate Suave 1kg,Alimentos,2,3878.0,7756.0,0.00493000463043192,False,False,False,True,3878.0,julian.alvarez@mail.com,05-03-2023
22,08-05-2024,Julian Alvarez,Villa Maria,Papas Fritas Clásicas 100g,Limpieza,3,936.0,2808.0,-0.9361369595583322,False,False,False,True,936.0,julian.alvarez@mail.com,05-03-2023
22,08-05-2024,Julian Alvarez,Villa Maria,Galletitas Chocolate,Limpieza,4,1305.0,5220.0,-0.4773953432237932,False,False,False,True,1305.0,julian.alvarez@mail.com,05-03-2023
23,16-05-2024,Emilia Alvarez,Villa Maria,Avena Instantánea 250g,Limpieza,4,3953.0,15812.0,1.5371117878771343,False,False,False,True,3953.0,emilia.alvarez@mail.com,19-03-2023
23,16-05-2024,Emilia Alvarez,Villa Maria,Queso Untable 190g,Alimentos,4,1830.0,7320.0,-0.07799343845491592,False,False,False,True,1830.0,emilia.alvarez@mail.com,19-03-2023
24,14-06-2024,Olivia Ruiz,Mendiolaza,Desodorante Aerosol,Alimentos,2,4690.0,9380.0,0.3138008109850303,False,False,True,False,4690.0,olivia.ruiz@mail.com,24-02-2023
24,14-06-2024,Olivia Ruiz,Mendiolaza,Helado Chocolate 1L,Limpieza,5,1215.0,6075.0,-0.31478171056789317,False,False,True,False,1215.0,olivia.ruiz@mail.com,24-02-2023
25,30-04-2024,Ivana Sanchez,Carlos Paz,Shampoo 400ml,Alimentos,1,1407.0,1407.0,-1.2025950874541402,False,False,False,True,1407.0,ivana.sanchez@mail.com,13-01-2023
25,30-04-2024,Ivana Sanchez,Carlos Paz,Mascarilla Capilar,Alimentos,5,1581.0,7905.0,0.03326852073069988,False,False,False,True,1581.0,ivana.sanchez@mail.com,13-01-2023
25,30-04-2024,Ivana Sanchez,Carlos Paz,Ron 700ml,Limpieza,1,3876.0,3876.0,-0.7330125622758746,False,False,False,True,3876.0,ivana.sanchez@mail.com,13-01-2023
26,23-01-2024,Olivia Gomez,Rio Cuarto,Hamburguesas Congeladas x4,Alimentos,2,2420.0,4840.0,-0.5496680688486376,True,False,False,False,2420.0,olivia.gomez@mail.com,18-02-2023
26,23-01-2024,Olivia Gomez,Rio Cuarto,Jugo en Polvo Limón,Limpieza,1,4090.0,4090.0,-0.6923116062660938,True,False,False,False,4090.0,olivia.gomez@mail.com,18-02-2023
27,25-02-2024,Yamila Molina,Carlos Paz,Jugo de Manzana 1L,Alimentos,4,3269.0,13076.0,1.0167481633782542,False,False,False,True,3269.0,yamila.molina@mail.com,09-01-2023
27,25-02-2024,Yamila Molina,Carlos Paz,Verduras Congeladas Mix,Limpieza,4,4289.0,17156.0,1.7927290069292159,False,False,False,True,4289.0,yamila.molina@mail.com,09-01-2023
28,20-05-2024,Diego Diaz,Rio Cuarto,Whisky 750ml,Limpieza,1,2953.0,2953.0,-0.9085592089909573,False,True,False,False,2953.0,diego.diaz@mail.com,21-02-2023
28,20-05-2024,Diego Diaz,Rio Cuarto,Desodorante Aerosol,Alimentos,2,4690.0,9380.0,0.3138008109850303,False,True,False,False,4690.0,diego.diaz@mail.com,21-02-2023
28,20-05-2024,Diego Diaz,Rio Cuarto,Ron 700ml,Limpieza,1,3876.0,3876.0,-0.7330125622758746,False,True,False,False,3876.0,diego.diaz@mail.com,21-02-2023
28,20-05-2024,Diego Diaz,Rio Cuarto,Queso Rallado 150g,Limpieza,2,3444.0,6888.0,-0.16015611600737067,False,True,False,False,3444.0,diego.diaz@mail.com,21-02-2023
28,20-05-2024,Diego Diaz,Rio Cuarto,Alfajor Simple,Alimentos,5,2502.0,12510.0,0.9090998404738807,False,True,False,False,2502.0,diego.diaz@mail.com,21-02-2023
29,20-02-2024,Olivia Gomez,Rio Cuarto,Caramelos Masticables,Limpieza,1,4752.0,4752.0,-0.5664049105722858,False,True,False,False,4752.0,olivia.gomez@mail.com,18-02-2023
29,20-02-2024,Olivia Gomez,Rio Cuarto,Dulce de Leche 400g,Limpieza,2,2559.0,5118.0,-0.4967948643125672,False,True,False,False,2559.0,olivia.gomez@mail.com,18-02-2023
29,20-02-2024,Olivia Gomez,Rio Cuarto,Vodka 700ml,Alimentos,4,508.0,2032.0,-1.0837254729395935,False,True,False,False,508.0,olivia.gomez@mail.com,18-02-2023
29,20-02-2024,Olivia Gomez,Rio Cuarto,Alfajor Simple,Alimentos,2,2502.0,5004.0,-0.5184766820000205,False,True,False,False,2502.0,olivia.gomez@mail.com,18-02-2023
29,20-02-2024,Olivia Gomez,Rio Cuarto,Cerveza Negra 1L,Limpieza,1,1533.0,1533.0,-1.1786309731680076,False,True,False,False,1533.0,olivia.gomez@mail.com,18-02-2023
30,03-03-2024,Gael Rojas,Alta Gracia,Harina de Trigo 1kg,Alimentos,4,2512.0,10048.0,0.44084865497817793,True,False,False,False,2512.0,gael.rojas@mail.com,03-04-2023
30,03-03-2024,Gael Rojas,Alta Gracia,Verduras Congeladas Mix,Limpieza,3,4289.0,12867.0,0.9769981642845899,True,False,False,False,4289.0,gael.rojas@mail.com,03-04-2023
30,03-03-2024,Gael Rojas,Alta Gracia,Aceitunas Negras 200g,Limpieza,4,2394.0,9576.0,0.3510783220967922,True,False,False,False,2394.0,gael.rojas@mail.com,03-04-2023
30,03-03-2024,Gael Rojas,Alta Gracia,Jugo de Manzana 1L,Alimentos,1,3269.0,3269.0,-0.8484587318924025,True,False,False,False,3269.0,gael.rojas@mail.com,03-04-2023
31,22-05-2024,Uma Silva,Mendiolaza,Crema Dental 90g,Limpieza,4,2512.0,10048.0,0.44084865497817793,False,False,True,False,2512.0,uma.silva@mail.com,19-01-2023
31,22-05-2024,Uma Silva,Mendiolaza,Toallas Húmedas x50,Limpieza,3,2902.0,8706.0,0.18561181869254306,False,False,True,False,2902.0,uma.silva@mail.com,19-01-2023
31,22-05-2024,Uma Silva,Mendiolaza,Queso Azul 150g,Limpieza,5,1645.0,8225.0,0.09412976336214784,False,False,True,False,1645.0,uma.silva@mail.com,19-01-2023
32,30-01-2024,Felipe Ruiz,Villa Maria,Ron 700ml,Limpieza,5,3876.0,19380.0,2.2157146432177792,True,False,False,False,3876.0,felipe.ruiz@mail.com,31-01-2023
32,30-01-2024,Felipe Ruiz,Villa Maria,Lavandina 1L,Alimentos,4,1664.0,6656.0,-0.20428051691517043,True,False,False,False,1664.0,felipe.ruiz@mail.com,31-01-2023
32,30-01-2024,Felipe Ruiz,Villa Maria,Queso Cremoso 500g,Alimentos,3,4834.0,14502.0,1.2879610758546443,True,False,False,False,4834.0,felipe.ruiz@mail.com,31-01-2023
32,30-01-2024,Felipe Ruiz,Villa Maria,Barrita de Cereal 30g,Alimentos,3,4430.0,13290.0,1.057449119388035,True,False,False,False,4430.0,felipe.ruiz@mail.com,31-01-2023
33,13-02-2024,Uma Medina,Villa Maria,Garbanzos 500g,Alimentos,2,2939.0,5878.0,-0.3522494130628783,True,False,False,False,2939.0,uma.medina@mail.com,06-01-2023
33,13-02-2024,Uma Medina,Villa Maria,Pizza Congelada Muzzarella,Limpieza,4,4286.0,17144.0,1.7904467103305366,True,False,False,False,4286.0,uma.medina@mail.com,06-01-2023
33,13-02-2024,Uma Medina,Villa Maria,Trapo de Piso,Limpieza,1,4854.0,4854.0,-0.5470053894835117,True,False,False,False,4854.0,uma.medina@mail.com,06-01-2023
33,13-02-2024,Uma Medina,Villa Maria,Desodorante Aerosol,Alimentos,2,4690.0,9380.0,0.3138008109850303,True,False,False,False,4690.0,uma.medina@mail.com,06-01-2023
34,13-01-2024,Karina Acosta,Rio Cuarto,Yerba Mate Intensa 1kg,Limpieza,1,4883.0,4883.0,-0.5414898393700368,False,False,False,True,4883.0,karina.acosta2@mail.com,27-02-2023
34,13-01-2024,Karina Acosta,Rio Cuarto,Chocolate Amargo 100g,Limpieza,5,2234.0,11170.0,0.6542433869546923,False,False,False,True,2234.0,karina.acosta2@mail.com,27-02-2023
35,30-05-2024,Guadalupe Martinez,Rio Cuarto,Cepillo de Dientes,Alimentos,3,2142.0,6426.0,-0.24802453505652367,True,False,False,False,2142.0,guadalupe.martinez@mail.com,02-03-2023
35,30-05-2024,Guadalupe Martinez,Rio Cuarto,Helado de Frutilla 1L,Limpieza,2,1981.0,3962.0,-0.716656103318673,True,False,False,False,1981.0,guadalupe.martinez@mail.com,02-03-2023
35,30-05-2024,Guadalupe Martinez,Rio Cuarto,Caldo Concentrado Carne,Limpieza,5,2570.0,12850.0,0.9737649107697942,True,False,False,False,2570.0,guadalupe.martinez@mail.com,02-03-2023
36,25-06-2024,Agustina Flores,Cordoba,Azúcar 1kg,Limpieza,4,727.0,2908.0,-0.9171178212360047,False,False,True,False,727.0,agustina.flores@mail.com,05-01-2023
36,25-06-2024,Agustina Flores,Cordoba,Porotos Negros 500g,Limpieza,2,4462.0,8924.0,0.22707354023521698,False,False,True,False,4462.0,agustina.flores@mail.com,05-01-2023
37,17-05-2024,Julian Acosta,Rio Cuarto,Queso Rallado 150g,Limpieza,3,3444.0,10332.0,0.494863007813588,False,True,False,False,3444.0,julian.acosta@mail.com,26-02-2023
38,29-05-2024,Bruno Diaz,Rio Cuarto,Stevia 100 sobres,Limpieza,5,3848.0,19240.0,2.1890878495665205,False,False,True,False,3848.0,bruno.diaz@mail.com,25-02-2023
38,29-05-2024,Bruno Diaz,Rio Cuarto,Leche Entera 1L,Limpieza,3,1723.0,5169.0,-0.4870951037681802,False,False,True,False,1723.0,bruno.diaz@mail.com,25-02-2023
38,29-05-2024,Bruno Diaz,Rio Cuarto,Cerveza Rubia 1L,Alimentos,5,2423.0,12115.0,0.8339742441006871,False,False,True,False,2423.0,bruno.diaz@mail.com,25-02-2023
38,29-05-2024,Bruno Diaz,Rio Cuarto,Agua Mineral 500ml,Alimentos,3,4777.0,14331.0,1.2554383493234642,False,False,True,False,4777.0,bruno.diaz@mail.com,25-02-2023
39,05-03-2024,Agustina Flores,Cordoba,Arroz Largo Fino 1kg,Limpieza,4,2979.0,11916.0,0.7961261588392554,True,False,False,False,2979.0,agustina.flores@mail.com,05-01-2023
39,05-03-2024,Agustina Flores,Cordoba,Medialunas de Manteca,Limpieza,2,2069.0,4138.0,-0.6831824198713766,True,False,False,False,2069.0,agustina.flores@mail.com,05-01-2023
39,05-03-2024,Agustina Flores,Cordoba,Caramelos Masticables,Limpieza,4,4752.0,19008.0,2.144963448658721,True,False,False,False,4752.0,agustina.flores@mail.com,05-01-2023
39,05-03-2024,Agustina Flores,Cordoba,Aceitunas Verdes 200g,Alimentos,4,2520.0,10080.0,0.44693477924132274,True,False,False,False,2520.0,agustina.flores@mail.com,05-01-2023
40,13-05-2024,Tomas Ruiz,Cordoba,Arroz Largo Fino 1kg,Limpieza,2,2979.0,5958.0,-0.3370341024050163,True,False,False,False,2979.0,tomas.ruiz@mail.com,15-01-2023
41,08-03-2024,Diego Fernandez,Alta Gracia,Sal Fina 500g,Alimentos,1,1745.0,1745.0,-1.1383103999246733,False,False,True,False,1745.0,diego.fernandez@mail.com,29-01-2023
41,08-03-2024,Diego Fernandez,Alta Gracia,Leche Descremada 1L,Alimentos,1,2538.0,2538.0,-0.9874886330286164,False,False,True,False,2538.0,diego.fernandez@mail.com,29-01-2023
42,18-04-2024,Gael Gomez,Alta Gracia,Garbanzos 500g,Alimentos,3,2939.0,8817.0,0.20672306223032658,False,False,True,False,2939.0,gael.gomez@mail.com,12-01-2023
42,18-04-2024,Gael Gomez,Alta Gracia,Papas Fritas Onduladas 100g,Alimentos,1,1868.0,1868.0,-1.1149168597882106,False,False,True,False,1868.0,gael.gomez@mail.com,12-01-2023
42,18-04-2024,Gael Gomez,Alta Gracia,Gin 700ml,Alimentos,3,1561.0,4683.0,-0.5795281160146918,False,False,True,False,1561.0,gael.gomez@mail.com,12-01-2023
43,18-02-2024,Helena Fernandez,Rio Cuarto,Coca Cola 1.5L,Alimentos,5,2347.0,11735.0,0.7617015184758427,True,False,False,False,2347.0,helena.fernandez@mail.com,23-01-2023
43,18-02-2024,Helena Fernandez,Rio Cuarto,Harina de Trigo 1kg,Alimentos,2,2512.0,5024.0,-0.5146728543355551,True,False,False,False,2512.0,helena.fernandez@mail.com,23-01-2023
43,18-02-2024,Helena Fernandez,Rio Cuarto,Cerveza Negra 1L,Limpieza,2,1533.0,3066.0,-0.8870675826867273,True,False,False,False,1533.0,helena.fernandez@mail.com,23-01-2023
44,21-02-2024,Elena Rodriguez,Alta Gracia,Porotos Negros 500g,Limpieza,1,4462.0,4462.0,-0.6215604117070356,True,False,False,False,4462.0,elena.rodriguez@mail.com,21-01-2023
44,21-02-2024,Elena Rodriguez,Alta Gracia,Garbanzos 500g,Alimentos,2,2939.0,5878.0,-0.3522494130628783,True,False,False,False,2939.0,elena.rodriguez@mail.com,21-01-2023
44,21-02-2024,Elena Rodriguez,Alta Gracia,Trapo de Piso,Limpieza,2,4854.0,9708.0,0.3761835846822645,True,False,False,False,4854.0,elena.rodriguez@mail.com,21-01-2023
45,19-01-2024,Tomas Ruiz,Cordoba,Té Negro 20 saquitos,Limpieza,2,570.0,1140.0,-1.2533761867747546,True,False,False,False,570.0,tomas.ruiz@mail.com,15-01-2023
45,19-01-2024,Tomas Ruiz,Cordoba,Queso Rallado 150g,Limpieza,2,3444.0,6888.0,-0.16015611600737067,True,False,False,False,3444.0,tomas.ruiz@mail.com,15-01-2023
45,19-01-2024,Tomas Ruiz,Cordoba,Sopa Instantánea Pollo,Alimentos,4,1679.0,6716.0,-0.19286903392177396,True,False,False,False,1679.0,tomas.ruiz@mail.com,15-01-2023
45,19-01-2024,Tomas Ruiz,Cordoba,Desengrasante 500ml,Limpieza,1,2843.0,2843.0,-0.9294802611455175,True,False,False,False,2843.0,tomas.ruiz@mail.com,15-01-2023
45,19-01-2024,Tomas Ruiz,Cordoba,Detergente Líquido 750ml,Limpieza,2,2582.0,5164.0,-0.48804606068429657,True,False,False,False,2582.0,tomas.ruiz@mail.com,15-01-2023
46,25-03-2024,Agustina Martinez,Alta Gracia,Pan Lactal Integral,Alimentos,1,272.0,272.0,-1.4184623074125573,False,False,True,False,272.0,agustina.martinez@mail.com,15-02-2023
47,04-05-2024,Diego Diaz,Rio Cuarto,Salsa de Tomate 500g,Alimentos,5,887.0,4435.0,-0.6266955790540639,False,False,False,True,887.0,diego.diaz@mail.com,21-02-2023
47,04-05-2024,Diego Diaz,Rio Cuarto,Jugo de Naranja 1L,Limpieza,3,4170.0,12510.0,0.9090998404738807,False,False,False,True,4170.0,diego.diaz@mail.com,21-02-2023
48,26-01-2024,Pablo Sanchez,Cordoba,Fernet 750ml,Limpieza,1,4061.0,4061.0,-0.6978271563795687,False,True,False,False,4061.0,pablo.sanchez@mail.com,25-03-2023
48,26-01-2024,Pablo Sanchez,Cordoba,Jabón de Tocador,Limpieza,5,1592.0,7960.0,0.043729046807979996,False,True,False,False,1592.0,pablo.sanchez@mail.com,25-03-2023
48,26-01-2024,Pablo Sanchez,Cordoba,Servilletas x100,Alimentos,4,4520.0,18080.0,1.9684658450275219,False,True,False,False,4520.0,pablo.sanchez@mail.com,25-03-2023
49,02-06-2024,Agustina Flores,Cordoba,Chicle Menta,Alimentos,2,3612.0,7224.0,-0.09625181124435031,True,False,False,False,3612.0,agustina.flores@mail.com,05-01-2023
49,02-06-2024,Agustina Flores,Cordoba,Pan Lactal Integral,Alimentos,4,272.0,1088.0,-1.263266138702365,True,False,False,False,272.0,agustina.flores@mail.com,05-01-2023
49,02-06-2024,Agustina Flores,Cordoba,Chicle Menta,Alimentos,4,3612.0,14448.0,1.2776907411605873,True,False,False,False,3612.0,agustina.flores@mail.com,05-01-2023
49,02-06-2024,Agustina Flores,Cordoba,Queso Rallado 150g,Limpieza,3,3444.0,10332.0,0.494863007813588,True,False,False,False,3444.0,agustina.flores@mail.com,05-01-2023
49,02-06-2024,Agustina Flores,Cordoba,Jugo en Polvo Naranja,Alimentos,3,1856.0,5568.0,-0.4112087418620935,True,False,False,False,1856.0,agustina.flores@mail.com,05-01-2023
50,09-01-2024,Bruno Castro,Carlos Paz,Yerba Mate Intensa 1kg,Limpieza,2,4883.0,9766.0,0.38721468490921446,False,False,False,True,4883.0,bruno.castro@mail.com,08-01-2023
50,09-01-2024,Bruno Castro,Carlos Paz,Turrón 50g,Limpieza,5,503.0,2515.0,-0.9918630348427517,False,False,False,True,503.0,bruno.castro@mail.com,08-01-2023
50,09-01-2024,Bruno Castro,Carlos Paz,Caramelos Masticables,Limpieza,5,4752.0,23760.0,3.0487529017357233,False,False,False,True,4752.0,bruno.castro@mail.com,08-01-2023
50,09-01-2024,Bruno Castro,Carlos Paz,Chocolate Amargo 100g,Limpieza,3,2234.0,6702.0,-0.1955317132868998,False,False,False,True,2234.0,bruno.castro@mail.com,08-01-2023
50,09-01-2024,Bruno Castro,Carlos Paz,Desodorante Aerosol,Alimentos,4,4690.0,18760.0,2.097795985619349,False,False,False,True,4690.0,bruno.castro@mail.com,08-01-2023
51,18-02-2024,Santiago Diaz,Alta Gracia,Mix de Frutos Secos 200g,Alimentos,1,3409.0,3409.0,-0.821831938241144,True,False,False,False,3409.0,santiago.diaz@mail.com,08-02-2023
52,10-05-2024,Agustina Flores,Cordoba,Queso Untable 190g,Alimentos,2,1830.0,3660.0,-0.774093901052102,False,False,True,False,1830.0,agustina.flores@mail.com,05-01-2023
52,10-05-2024,Agustina Flores,Cordoba,Yerba Mate Suave 1kg,Alimentos,4,3878.0,15512.0,1.4800543729101518,False,False,True,False,3878.0,agustina.flores@mail.com,05-01-2023
52,10-05-2024,Agustina Flores,Cordoba,Aceitunas Verdes 200g,Alimentos,5,2520.0,12600.0,0.9262170649639755,False,False,True,False,2520.0,agustina.flores@mail.com,05-01-2023
52,10-05-2024,Agustina Flores,Cordoba,Mermelada de Frutilla 400g,Limpieza,3,1584.0,4752.0,-0.5664049105722858,False,False,True,False,1584.0,agustina.flores@mail.com,05-01-2023
53,25-01-2024,Bruno Diaz,Rio Cuarto,Papas Fritas Clásicas 100g,Limpieza,1,936.0,936.0,-1.2921752289523027,False,False,True,False,936.0,bruno.diaz@mail.com,25-02-2023
54,26-03-2024,Mariana Lopez,Carlos Paz,Cerveza Rubia 1L,Alimentos,1,2423.0,2423.0,-1.009360642099293,False,False,True,False,2423.0,mariana.lopez@mail.com,01-01-2023
54,26-03-2024,Mariana Lopez,Carlos Paz,Queso Rallado 150g,Limpieza,2,3444.0,6888.0,-0.16015611600737067,False,False,True,False,3444.0,mariana.lopez@mail.com,01-01-2023
54,26-03-2024,Mariana Lopez,Carlos Paz,Desodorante Aerosol,Alimentos,3,4690.0,14070.0,1.2057983983021896,False,False,True,False,4690.0,mariana.lopez@mail.com,01-01-2023
54,26-03-2024,Mariana Lopez,Carlos Paz,Energética Nitro 500ml,Limpieza,3,4218.0,12654.0,0.9364873996580323,False,False,True,False,4218.0,mariana.lopez@mail.com,01-01-2023
55,04-01-2024,Agustina Lopez,Cordoba,Helado Vainilla 1L,Alimentos,4,469.0,1876.0,-1.1133953287224243,False,True,False,False,469.0,agustina.lopez@mail.com,10-04-2023
56,14-06-2024,Tomas Ruiz,Cordoba,Queso Rallado 150g,Limpieza,5,3444.0,17220.0,1.8049012554555053,False,True,False,False,3444.0,tomas.ruiz@mail.com,15-01-2023
57,10-01-2024,Bruno Castro,Villa Maria,Mix de Frutos Secos 200g,Alimentos,3,3409.0,10227.0,0.47489291257514415,True,False,False,False,3409.0,bruno.castro2@mail.com,03-02-2023
57,10-01-2024,Bruno Castro,Villa Maria,Aceite de Girasol 1L,Alimentos,4,860.0,3440.0,-0.8159360053612225,True,False,False,False,860.0,bruno.castro2@mail.com,03-02-2023
57,10-01-2024,Bruno Castro,Villa Maria,Yerba Mate Suave 1kg,Alimentos,5,3878.0,19390.0,2.217616557050012,True,False,False,False,3878.0,bruno.castro2@mail.com,03-02-2023
57,10-01-2024,Bruno Castro,Villa Maria,Pizza Congelada Muzzarella,Limpieza,3,4286.0,12858.0,0.9752864418355803,True,False,False,False,4286.0,bruno.castro2@mail.com,03-02-2023
57,10-01-2024,Bruno Castro,Villa Maria,Desengrasante 500ml,Limpieza,4,2843.0,11372.0,0.6926620463657939,True,False,False,False,2843.0,bruno.castro2@mail.com,03-02-2023
58,04-02-2024,Rocio Alvarez,Cordoba,Salsa de Tomate 500g,Alimentos,2,887.0,1774.0,-1.1327948498111984,False,False,False,True,887.0,rocio.alvarez@mail.com,17-02-2023
58,04-02-2024,Rocio Alvarez,Cordoba,Café Molido 250g,Alimentos,1,2053.0,2053.0,-1.0797314538919047,False,False,False,True,2053.0,rocio.alvarez@mail.com,17-02-2023
59,28-04-2024,Guadalupe Romero,Carlos Paz,Mix de Frutos Secos 200g,Alimentos,1,3409.0,3409.0,-0.821831938241144,False,False,True,False,3409.0,guadalupe.romero@mail.com,03-03-2023
59,28-04-2024,Guadalupe Romero,Carlos Paz,Energética Nitro 500ml,Limpieza,2,4218.0,8436.0,0.13426014522225885,False,False,True,False,4218.0,guadalupe.romero@mail.com,03-03-2023
59,28-04-2024,Guadalupe Romero,Carlos Paz,Limpiavidrios 500ml,Alimentos,5,872.0,4360.0,-0.6409599327958095,False,False,True,False,872.0,guadalupe.romero@mail.com,03-03-2023
60,04-04-2024,Camila Ruiz,Carlos Paz,Salsa de Tomate 500g,Alimentos,1,887.0,887.0,-1.3014946067302433,False,False,False,True,887.0,camila.ruiz@mail.com,22-03-2023
60,04-04-2024,Camila Ruiz,Carlos Paz,Desengrasante 500ml,Limpieza,3,2843.0,8529.0,0.1519479438620234,False,False,False,True,2843.0,camila.ruiz@mail.com,22-03-2023
60,04-04-2024,Camila Ruiz,Carlos Paz,Leche Descremada 1L,Alimentos,1,2538.0,2538.0,-0.9874886330286164,False,False,False,True,2538.0,camila.ruiz@mail.com,22-03-2023
60,04-04-2024,Camila Ruiz,Carlos Paz,Pan Lactal Integral,Alimentos,2,272.0,544.0,-1.3667302511758266,False,False,False,True,272.0,camila.ruiz@mail.com,22-03-2023
60,04-04-2024,Camila Ruiz,Carlos Paz,Desodorante Aerosol,Alimentos,4,4690.0,18760.0,2.097795985619349,False,False,False,True,4690.0,camila.ruiz@mail.com,22-03-2023
61,01-06-2024,Tomas Castro,Rio Cuarto,Yerba Mate Suave 1kg,Alimentos,3,3878.0,11634.0,0.7424921887702919,True,False,False,False,3878.0,tomas.castro@mail.com,27-01-2023
61,01-06-2024,Tomas Castro,Rio Cuarto,Manteca 200g,Alimentos,3,3251.0,9753.0,0.3847421969273119,True,False,False,False,3251.0,tomas.castro@mail.com,27-01-2023
62,01-05-2024,Agustina Lopez,Cordoba,Garbanzos 500g,Alimentos,4,2939.0,11756.0,0.7656955375235315,False,False,False,True,2939.0,agustina.lopez@mail.com,10-04-2023
62,01-05-2024,Agustina Lopez,Cordoba,Mascarilla Capilar,Alimentos,3,1581.0,4743.0,-0.5681166330212953,False,False,False,True,1581.0,agustina.lopez@mail.com,10-04-2023
63,19-06-2024,Karina Castro,Rio Cuarto,Energética Nitro 500ml,Limpieza,5,4218.0,21090.0,2.5409419085295792,False,False,True,False,4218.0,karina.castro@mail.com,25-01-2023
63,19-06-2024,Karina Castro,Rio Cuarto,Pepsi 1.5L,Limpieza,2,4973.0,9946.0,0.4214491338894039,False,False,True,False,4973.0,karina.castro@mail.com,25-01-2023
63,19-06-2024,Karina Castro,Rio Cuarto,Fernet 750ml,Limpieza,3,4061.0,12183.0,0.8469072581598698,False,False,True,False,4061.0,karina.castro@mail.com,25-01-2023
63,19-06-2024,Karina Castro,Rio Cuarto,Fideos Spaghetti 500g,Alimentos,4,745.0,2980.0,-0.9034240416439289,False,False,True,False,745.0,karina.castro@mail.com,25-01-2023
64,07-03-2024,Karina Acosta,Rio Cuarto,Fanta Naranja 1.5L,Limpieza,2,2033.0,4066.0,-0.6968761994634524,False,True,False,False,2033.0,karina.acosta2@mail.com,27-02-2023
64,07-03-2024,Karina Acosta,Rio Cuarto,Aceite de Girasol 1L,Alimentos,2,860.0,1720.0,-1.1430651845052553,False,True,False,False,860.0,karina.acosta2@mail.com,27-02-2023
65,30-04-2024,Ivana Medina,Alta Gracia,Empanadas Congeladas,Alimentos,4,4778.0,19112.0,2.1647433525139417,False,True,False,False,4778.0,ivana.medina@mail.com,30-01-2023
65,30-04-2024,Ivana Medina,Alta Gracia,Medialunas de Manteca,Limpieza,3,2069.0,6207.0,-0.28967644798242087,False,True,False,False,2069.0,ivana.medina@mail.com,30-01-2023
65,30-04-2024,Ivana Medina,Alta Gracia,Mermelada de Frutilla 400g,Limpieza,5,1584.0,7920.0,0.036121391479049,False,True,False,False,1584.0,ivana.medina@mail.com,30-01-2023
65,30-04-2024,Ivana Medina,Alta Gracia,Dulce de Leche 400g,Limpieza,4,2559.0,10236.0,0.4766046350241536,False,True,False,False,2559.0,ivana.medina@mail.com,30-01-2023
66,14-03-2024,Felipe Flores,Rio Cuarto,Yogur Natural 200g,Limpieza,3,4613.0,13839.0,1.161864188777613,False,True,False,False,4613.0,felipe.flores@mail.com,10-03-2023
67,21-03-2024,Tomas Herrera,Villa Maria,Lavandina 1L,Alimentos,1,1664.0,1664.0,-1.1537159019657586,True,False,False,False,1664.0,tomas.herrera@mail.com,07-03-2023
67,21-03-2024,Tomas Herrera,Villa Maria,Energética Nitro 500ml,Limpieza,2,4218.0,8436.0,0.13426014522225885,True,False,False,False,4218.0,tomas.herrera@mail.com,07-03-2023
68,28-06-2024,Tomas Castro,Rio Cuarto,Hilo Dental,Limpieza,4,1418.0,5672.0,-0.39142883800687295,False,True,False,False,1418.0,tomas.castro@mail.com,27-01-2023
69,06-01-2024,Tomas Flores,Alta Gracia,Pizza Congelada Muzzarella,Limpieza,4,4286.0,17144.0,1.7904467103305366,False,True,False,False,4286.0,tomas.flores@mail.com,11-02-2023
69,06-01-2024,Tomas Flores,Alta Gracia,Whisky 750ml,Limpieza,3,2953.0,8859.0,0.21471110032570412,False,True,False,False,2953.0,tomas.flores@mail.com,11-02-2023
70,02-02-2024,Elena Rodriguez,Alta Gracia,Cerveza Negra 1L,Limpieza,3,1533.0,4599.0,-0.5955041922054469,False,False,False,True,1533.0,elena.rodriguez2@mail.com,10-02-2023
70,02-02-2024,Elena Rodriguez,Alta Gracia,Caldo Concentrado Verdura,Alimentos,4,1003.0,4012.0,-0.7071465341575093,False,False,False,True,1003.0,elena.rodriguez2@mail.com,10-02-2023
70,02-02-2024,Elena Rodriguez,Alta Gracia,Mermelada de Frutilla 400g,Limpieza,3,1584.0,4752.0,-0.5664049105722858,False,False,False,True,1584.0,elena.rodriguez2@mail.com,10-02-2023
71,02-06-2024,Felipe Diaz,Rio Cuarto,Café Molido 250g,Alimentos,3,2053.0,6159.0,-0.2988056343771381,False,True,False,False,2053.0,felipe.diaz@mail.com,09-02-2023
71,02-06-2024,Felipe Diaz,Rio Cuarto,Hamburguesas Congeladas x4,Alimentos,4,2420.0,9680.0,0.3708582259520128,False,True,False,False,2420.0,felipe.diaz@mail.com,09-02-2023
71,02-06-2024,Felipe Diaz,Rio Cuarto,Trapo de Piso,Limpieza,4,4854.0,19416.0,2.222561533013817,False,True,False,False,4854.0,felipe.diaz@mail.com,09-02-2023
71,02-06-2024,Felipe Diaz,Rio Cuarto,Crema Dental 90g,Limpieza,1,2512.0,2512.0,-0.9924336089924215,False,True,False,False,2512.0,felipe.diaz@mail.com,09-02-2023
72,17-02-2024,Camila Sanchez,Alta Gracia,Hilo Dental,Limpieza,3,1418.0,4254.0,-0.6611202194174767,False,True,False,False,1418.0,camila.sanchez@mail.com,26-01-2023
72,17-02-2024,Camila Sanchez,Alta Gracia,Aceite de Girasol 1L,Alimentos,4,860.0,3440.0,-0.8159360053612225,False,True,False,False,860.0,camila.sanchez@mail.com,26-01-2023
72,17-02-2024,Camila Sanchez,Alta Gracia,Sal Fina 500g,Alimentos,2,1745.0,3490.0,-0.8064264362000587,False,True,False,False,1745.0,camila.sanchez@mail.com,26-01-2023
73,16-05-2024,Tomas Flores,Alta Gracia,Papas Fritas Clásicas 100g,Limpieza,1,936.0,936.0,-1.2921752289523027,False,False,False,True,936.0,tomas.flores@mail.com,11-02-2023
73,16-05-2024,Tomas Flores,Alta Gracia,Galletitas Chocolate,Limpieza,3,1305.0,3915.0,-0.7255950983301669,False,False,False,True,1305.0,tomas.flores@mail.com,11-02-2023
73,16-05-2024,Tomas Flores,Alta Gracia,Manteca 200g,Alimentos,1,3251.0,3251.0,-0.8518821767904214,False,False,False,True,3251.0,tomas.flores@mail.com,11-02-2023
74,26-04-2024,Bruno Diaz,Rio Cuarto,Chocolate Amargo 100g,Limpieza,3,2234.0,6702.0,-0.1955317132868998,True,False,False,False,2234.0,bruno.diaz@mail.com,25-02-2023
74,26-04-2024,Bruno Diaz,Rio Cuarto,Leche Entera 1L,Limpieza,2,1723.0,3446.0,-0.8147948570618828,True,False,False,False,1723.0,bruno.diaz@mail.com,25-02-2023
74,26-04-2024,Bruno Diaz,Rio Cuarto,Shampoo 400ml,Alimentos,2,1407.0,2814.0,-0.9349958112589926,True,False,False,False,1407.0,bruno.diaz@mail.com,25-02-2023
75,23-05-2024,Guadalupe Martinez,Rio Cuarto,Sprite 1.5L,Alimentos,4,4964.0,19856.0,2.306245741632058,False,True,False,False,4964.0,guadalupe.martinez@mail.com,02-03-2023
75,23-05-2024,Guadalupe Martinez,Rio Cuarto,Pepsi 1.5L,Limpieza,5,4973.0,24865.0,3.258914380197442,False,True,False,False,4973.0,guadalupe.martinez@mail.com,02-03-2023
76,15-05-2024,Santiago Castro,Rio Cuarto,Medialunas de Manteca,Limpieza,4,2069.0,8276.0,0.10382952390653485,False,False,True,False,2069.0,santiago.castro@mail.com,16-03-2023
76,15-05-2024,Santiago Castro,Rio Cuarto,Bizcochos Salados,Alimentos,4,2380.0,9520.0,0.3404276046362888,False,False,True,False,2380.0,santiago.castro@mail.com,16-03-2023
76,15-05-2024,Santiago Castro,Rio Cuarto,Galletitas Chocolate,Limpieza,1,1305.0,1305.0,-1.2219946085429143,False,False,True,False,1305.0,santiago.castro@mail.com,16-03-2023
76,15-05-2024,Santiago Castro,Rio Cuarto,Café Molido 250g,Alimentos,2,2053.0,4106.0,-0.6892685441345214,False,False,True,False,2053.0,santiago.castro@mail.com,16-03-2023
77,26-05-2024,Olivia Ruiz,Mendiolaza,Lavandina 1L,Alimentos,2,1664.0,3328.0,-0.8372374402822292,False,False,True,False,1664.0,olivia.ruiz@mail.com,24-02-2023
77,26-05-2024,Olivia Ruiz,Mendiolaza,Aceite de Girasol 1L,Alimentos,1,860.0,860.0,-1.3066297740772717,False,False,True,False,860.0,olivia.ruiz@mail.com,24-02-2023
77,26-05-2024,Olivia Ruiz,Mendiolaza,Turrón 50g,Limpieza,5,503.0,2515.0,-0.9918630348427517,False,False,True,False,503.0,olivia.ruiz@mail.com,24-02-2023
77,26-05-2024,Olivia Ruiz,Mendiolaza,Desengrasante 500ml,Limpieza,2,2843.0,5686.0,-0.3887661586417471,False,False,True,False,2843.0,olivia.ruiz@mail.com,24-02-2023
77,26-05-2024,Olivia Ruiz,Mendiolaza,Helado Vainilla 1L,Alimentos,2,469.0,938.0,-1.2917948461858562,False,False,True,False,469.0,olivia.ruiz@mail.com,24-02-2023
78,29-04-2024,Gael Gomez,Alta Gracia,Mermelada de Durazno 400g,Alimentos,3,3196.0,9588.0,0.35336061869547153,False,True,False,False,3196.0,gael.gomez@mail.com,12-01-2023
78,29-04-2024,Gael Gomez,Alta Gracia,Hamburguesas Congeladas x4,Alimentos,5,2420.0,12100.0,0.831121373352338,False,True,False,False,2420.0,gael.gomez@mail.com,12-01-2023
78,29-04-2024,Gael Gomez,Alta Gracia,Queso Cremoso 500g,Alimentos,2,4834.0,9668.0,0.3685759293533335,False,True,False,False,4834.0,gael.gomez@mail.com,12-01-2023
78,29-04-2024,Gael Gomez,Alta Gracia,Jugo en Polvo Naranja,Alimentos,1,1856.0,1856.0,-1.11719915638689,False,True,False,False,1856.0,gael.gomez@mail.com,12-01-2023
78,29-04-2024,Gael Gomez,Alta Gracia,Helado Vainilla 1L,Alimentos,2,469.0,938.0,-1.2917948461858562,False,True,False,False,469.0,gael.gomez@mail.com,12-01-2023
79,06-06-2024,Julian Acosta,Rio Cuarto,Aceitunas Verdes 200g,Alimentos,2,2520.0,5040.0,-0.5116297922039826,False,True,False,False,2520.0,julian.acosta@mail.com,26-02-2023
79,06-06-2024,Julian Acosta,Rio Cuarto,Papel Higiénico x4,Limpieza,2,2532.0,5064.0,-0.5070651990066241,False,True,False,False,2532.0,julian.acosta@mail.com,26-02-2023
80,25-03-2024,Uma Herrera,Alta Gracia,Helado Vainilla 1L,Alimentos,5,469.0,2345.0,-1.0241955699907084,True,False,False,False,469.0,uma.herrera@mail.com,23-02-2023
80,25-03-2024,Uma Herrera,Alta Gracia,Maní Salado 200g,Limpieza,3,4875.0,14625.0,1.3113546159911071,True,False,False,False,4875.0,uma.herrera@mail.com,23-02-2023
80,25-03-2024,Uma Herrera,Alta Gracia,Aceite de Girasol 1L,Alimentos,5,860.0,4300.0,-0.6523714157892061,True,False,False,False,860.0,uma.herrera@mail.com,23-02-2023
81,09-03-2024,Olivia Gomez,Rio Cuarto,Yerba Mate Intensa 1kg,Limpieza,2,4883.0,9766.0,0.38721468490921446,False,False,False,True,4883.0,olivia.gomez@mail.com,18-02-2023
82,25-01-2024,Uma Silva,Mendiolaza,Mermelada de Frutilla 400g,Limpieza,1,1584.0,1584.0,-1.1689312126236207,False,False,True,False,1584.0,uma.silva@mail.com,19-01-2023
82,25-01-2024,Uma Silva,Mendiolaza,Papas Fritas Clásicas 100g,Limpieza,2,936.0,1872.0,-1.1141560942553175,False,False,True,False,936.0,uma.silva@mail.com,19-01-2023
82,25-01-2024,Uma Silva,Mendiolaza,Papas Fritas Onduladas 100g,Alimentos,5,1868.0,9340.0,0.30619315565609934,False,False,True,False,1868.0,uma.silva@mail.com,19-01-2023
82,25-01-2024,Uma Silva,Mendiolaza,Aceitunas Negras 200g,Limpieza,2,2394.0,4788.0,-0.5595580207762479,False,False,True,False,2394.0,uma.silva@mail.com,19-01-2023
83,28-05-2024,Uma Sanchez,Mendiolaza,Agua Mineral 500ml,Alimentos,2,4777.0,9554.0,0.34689411166588013,True,False,False,False,4777.0,uma.sanchez@mail.com,01-04-2023
83,28-05-2024,Uma Sanchez,Mendiolaza,Alfajor Triple,Limpieza,2,1001.0,2002.0,-1.0894312144362917,True,False,False,False,1001.0,uma.sanchez@mail.com,01-04-2023
83,28-05-2024,Uma Sanchez,Mendiolaza,Gin 700ml,Alimentos,5,1561.0,7805.0,0.01424938240837239,True,False,False,False,1561.0,uma.sanchez@mail.com,01-04-2023
83,28-05-2024,Uma Sanchez,Mendiolaza,Sal Fina 500g,Alimentos,2,1745.0,3490.0,-0.8064264362000587,True,False,False,False,1745.0,uma.sanchez@mail.com,01-04-2023
84,02-01-2024,Camila Rodriguez,Cordoba,Queso Untable 190g,Alimentos,5,1830.0,9150.0,0.2700567928436771,True,False,False,False,1830.0,camila.rodriguez@mail.com,13-03-2023
84,02-01-2024,Camila Rodriguez,Cordoba,Pizza Congelada Muzzarella,Limpieza,4,4286.0,17144.0,1.7904467103305366,True,False,False,False,4286.0,camila.rodriguez@mail.com,13-03-2023
85,23-01-2024,Tomas Flores,Alta Gracia,Chocolate Amargo 100g,Limpieza,4,2234.0,8936.0,0.2293558368338963,False,False,False,True,2234.0,tomas.flores@mail.com,11-02-2023
85,23-01-2024,Tomas Flores,Alta Gracia,Helado de Frutilla 1L,Limpieza,2,1981.0,3962.0,-0.716656103318673,False,False,False,True,1981.0,tomas.flores@mail.com,11-02-2023
86,10-01-2024,Felipe Diaz,Rio Cuarto,Cerveza Negra 1L,Limpieza,2,1533.0,3066.0,-0.8870675826867273,True,False,False,False,1533.0,felipe.diaz@mail.com,09-02-2023
86,10-01-2024,Felipe Diaz,Rio Cuarto,Coca Cola 1.5L,Alimentos,4,2347.0,9388.0,0.31532234205081655,True,False,False,False,2347.0,felipe.diaz@mail.com,09-02-2023
86,10-01-2024,Felipe Diaz,Rio Cuarto,Té Verde 20 saquitos,Alimentos,5,2383.0,11915.0,0.7959359674560321,True,False,False,False,2383.0,felipe.diaz@mail.com,09-02-2023
86,10-01-2024,Felipe Diaz,Rio Cuarto,Aceite de Girasol 1L,Alimentos,3,860.0,2580.0,-0.9795005949332388,True,False,False,False,860.0,felipe.diaz@mail.com,09-02-2023
87,20-04-2024,Agustina Lopez,Cordoba,Lavandina 1L,Alimentos,2,1664.0,3328.0,-0.8372374402822292,False,True,False,False,1664.0,agustina.lopez@mail.com,10-04-2023
87,20-04-2024,Agustina Lopez,Cordoba,Jugo en Polvo Limón,Limpieza,2,4090.0,8180.0,0.08557115111710047,False,True,False,False,4090.0,agustina.lopez@mail.com,10-04-2023
88,21-06-2024,Martina Perez,Mendiolaza,Jugo de Manzana 1L,Alimentos,5,3269.0,16345.0,1.6384837951351399,True,False,False,False,3269.0,martina.perez@mail.com,06-02-2023
88,21-06-2024,Martina Perez,Mendiolaza,Lavandina 1L,Alimentos,5,1664.0,8320.0,0.11219794476835895,True,False,False,False,1664.0,martina.perez@mail.com,06-02-2023
88,21-06-2024,Martina Perez,Mendiolaza,Energética Nitro 500ml,Limpieza,4,4218.0,16872.0,1.7387146540938057,True,False,False,False,4218.0,martina.perez@mail.com,06-02-2023
89,18-01-2024,Pablo Gomez,Villa Maria,Ron 700ml,Limpieza,2,3876.0,7752.0,0.004169239097538821,False,False,True,False,3876.0,pablo.gomez@mail.com,17-01-2023
90,08-01-2024,Agustina Martinez,Alta Gracia,Hamburguesas Congeladas x4,Alimentos,4,2420.0,9680.0,0.3708582259520128,False,True,False,False,2420.0,agustina.martinez@mail.com,15-02-2023
90,08-01-2024,Agustina Martinez,Alta Gracia,Jugo de Naranja 1L,Limpieza,2,4170.0,8340.0,0.11600177243282445,False,True,False,False,4170.0,agustina.martinez@mail.com,15-02-2023
91,19-02-2024,Santiago Diaz,Alta Gracia,Servilletas x100,Alimentos,3,4520.0,13560.0,1.1088007928583192,True,False,False,False,4520.0,santiago.diaz@mail.com,08-02-2023
92,09-02-2024,Tomas Flores,Alta Gracia,Yerba Mate Intensa 1kg,Limpieza,2,4883.0,9766.0,0.38721468490921446,False,False,False,True,4883.0,tomas.flores@mail.com,11-02-2023
92,09-02-2024,Tomas Flores,Alta Gracia,Salsa de Tomate 500g,Alimentos,4,887.0,3548.0,-0.7953953359731087,False,False,False,True,887.0,tomas.flores@mail.com,11-02-2023
93,29-01-2024,Guadalupe Ruiz,Rio Cuarto,Helado de Frutilla 1L,Limpieza,4,1981.0,7924.0,0.0368821570119421,True,False,False,False,1981.0,guadalupe.ruiz@mail.com,31-03-2023
93,29-01-2024,Guadalupe Ruiz,Rio Cuarto,Cerveza Negra 1L,Limpieza,3,1533.0,4599.0,-0.5955041922054469,True,False,False,False,1533.0,guadalupe.ruiz@mail.com,31-03-2023
93,29-01-2024,Guadalupe Ruiz,Rio Cuarto,Desodorante Aerosol,Alimentos,3,4690.0,14070.0,1.2057983983021896,True,False,False,False,4690.0,guadalupe.ruiz@mail.com,31-03-2023
94,06-03-2024,Elena Rodriguez,Alta Gracia,Galletitas Chocolate,Limpieza,1,1305.0,1305.0,-1.2219946085429143,False,True,False,False,1305.0,elena.rodriguez2@mail.com,10-02-2023
94,06-03-2024,Elena Rodriguez,Alta Gracia,Jugo en Polvo Limón,Limpieza,5,4090.0,20450.0,2.419219423266683,False,True,False,False,4090.0,elena.rodriguez2@mail.com,10-02-2023
94,06-03-2024,Elena Rodriguez,Alta Gracia,Desengrasante 500ml,Limpieza,2,2843.0,5686.0,-0.3887661586417471,False,True,False,False,2843.0,elena.rodriguez2@mail.com,10-02-2023
95,25-02-2024,Camila Sanchez,Alta Gracia,Ron 700ml,Limpieza,5,3876.0,19380.0,2.2157146432177792,False,True,False,False,3876.0,camila.sanchez@mail.com,26-01-2023
95,25-02-2024,Camila Sanchez,Alta Gracia,Té Negro 20 saquitos,Limpieza,1,570.0,570.0,-1.3617852752120214,False,True,False,False,570.0,camila.sanchez@mail.com,26-01-2023
96,23-02-2024,Franco Gomez,Rio Cuarto,Aceitunas Verdes 200g,Alimentos,3,2520.0,7560.0,-0.03234750648132995,False,False,True,False,2520.0,franco.gomez@mail.com,24-03-2023
96,23-02-2024,Franco Gomez,Rio Cuarto,Vino Blanco 750ml,Limpieza,1,2684.0,2684.0,-0.9597206910780183,False,False,True,False,2684.0,franco.gomez@mail.com,24-03-2023
96,23-02-2024,Franco Gomez,Rio Cuarto,Café Molido 250g,Alimentos,2,2053.0,4106.0,-0.6892685441345214,False,False,True,False,2053.0,franco.gomez@mail.com,24-03-2023
96,23-02-2024,Franco Gomez,Rio Cuarto,Azúcar 1kg,Limpieza,3,727.0,2181.0,-1.0553869568393255,False,False,True,False,727.0,franco.gomez@mail.com,24-03-2023
97,16-06-2024,Santiago Diaz,Alta Gracia,Chicle Menta,Alimentos,5,3612.0,18060.0,1.9646620173630562,True,False,False,False,3612.0,santiago.diaz@mail.com,08-02-2023
97,16-06-2024,Santiago Diaz,Alta Gracia,Dulce de Leche 400g,Limpieza,1,2559.0,2559.0,-0.9834946139809276,True,False,False,False,2559.0,santiago.diaz@mail.com,08-02-2023
97,16-06-2024,Santiago Diaz,Alta Gracia,Fanta Naranja 1.5L,Limpieza,3,2033.0,6099.0,-0.31021711737053453,True,False,False,False,2033.0,santiago.diaz@mail.com,08-02-2023
98,12-01-2024,Lucas Perez,Mendiolaza,Papas Fritas Clásicas 100g,Limpieza,4,936.0,3744.0,-0.7581178248613469,False,False,False,True,936.0,lucas.perez@mail.com,12-02-2023
98,12-01-2024,Lucas Perez,Mendiolaza,Miel Pura 250g,Alimentos,1,4982.0,4982.0,-0.5226608924309326,False,False,False,True,4982.0,lucas.perez@mail.com,12-02-2023
98,12-01-2024,Lucas Perez,Mendiolaza,Papas Fritas Onduladas 100g,Alimentos,1,1868.0,1868.0,-1.1149168597882106,False,False,False,True,1868.0,lucas.perez@mail.com,12-02-2023
98,12-01-2024,Lucas Perez,Mendiolaza,Queso Untable 190g,Alimentos,3,1830.0,5490.0,-0.42604366975350894,False,False,False,True,1830.0,lucas.perez@mail.com,12-02-2023
99,13-03-2024,Agustina Gomez,Rio Cuarto,Helado Chocolate 1L,Limpieza,5,1215.0,6075.0,-0.31478171056789317,False,False,False,True,1215.0,agustina.gomez@mail.com,20-02-2023
100,08-06-2024,Felipe Flores,Rio Cuarto,Té Verde 20 saquitos,Alimentos,3,2383.0,7149.0,-0.11051616498609593,False,True,False,False,2383.0,felipe.flores@mail.com,10-03-2023
100,08-06-2024,Felipe Flores,Rio Cuarto,Queso Rallado 150g,Limpieza,4,3444.0,13776.0,1.1498821316345467,False,True,False,False,3444.0,felipe.flores@mail.com,10-03-2023
100,08-06-2024,Felipe Flores,Rio Cuarto,Caramelos Masticables,Limpieza,2,4752.0,9504.0,0.3373845425047164,False,True,False,False,4752.0,felipe.flores@mail.com,10-03-2023
100,08-06-2024,Felipe Flores,Rio Cuarto,Servilletas x100,Alimentos,1,4520.0,4520.0,-0.6105293114800856,False,True,False,False,4520.0,felipe.flores@mail.com,10-03-2023
100,08-06-2024,Felipe Flores,Rio Cuarto,Yerba Mate Suave 1kg,Alimentos,4,3878.0,15512.0,1.4800543729101518,False,True,False,False,3878.0,felipe.flores@mail.com,10-03-2023
101,28-03-2024,Camila Rodriguez,Cordoba,Turrón 50g,Limpieza,4,503.0,2012.0,-1.087529300604059,True,False,False,False,503.0,camila.rodriguez@mail.com,13-03-2023
102,29-03-2024,Ivana Torres,Carlos Paz,Verduras Congeladas Mix,Limpieza,3,4289.0,12867.0,0.9769981642845899,True,False,False,False,4289.0,ivana.torres@mail.com,18-01-2023
102,29-03-2024,Ivana Torres,Carlos Paz,Dulce de Leche 400g,Limpieza,3,2559.0,7677.0,-0.010095114644206794,True,False,False,False,2559.0,ivana.torres@mail.com,18-01-2023
103,11-03-2024,Santiago Diaz,Alta Gracia,Hamburguesas Congeladas x4,Alimentos,5,2420.0,12100.0,0.831121373352338,True,False,False,False,2420.0,santiago.diaz@mail.com,08-02-2023
103,11-03-2024,Santiago Diaz,Alta Gracia,Salsa de Tomate 500g,Alimentos,5,887.0,4435.0,-0.6266955790540639,True,False,False,False,887.0,santiago.diaz@mail.com,08-02-2023
103,11-03-2024,Santiago Diaz,Alta Gracia,Turrón 50g,Limpieza,1,503.0,503.0,-1.3745280978879808,True,False,False,False,503.0,santiago.diaz@mail.com,08-02-2023
103,11-03-2024,Santiago Diaz,Alta Gracia,Fernet 750ml,Limpieza,1,4061.0,4061.0,-0.6978271563795687,True,False,False,False,4061.0,santiago.diaz@mail.com,08-02-2023
104,17-06-2024,Diego Torres,Cordoba,Mascarilla Capilar,Alimentos,2,1581.0,3162.0,-0.8688092098972929,False,True,False,False,1581.0,diego.torres@mail.com,27-03-2023
104,17-06-2024,Diego Torres,Cordoba,Vino Blanco 750ml,Limpieza,3,2684.0,8052.0,0.06122665406452128,False,True,False,False,2684.0,diego.torres@mail.com,27-03-2023
104,17-06-2024,Diego Torres,Cordoba,Vino Blanco 750ml,Limpieza,5,2684.0,13420.0,1.082173999207061,False,True,False,False,2684.0,diego.torres@mail.com,27-03-2023
105,06-02-2024,Mariana Lopez,Carlos Paz,Té Verde 20 saquitos,Alimentos,2,2383.0,4766.0,-0.5637422312071599,False,False,False,True,2383.0,mariana.lopez@mail.com,01-01-2023
105,06-02-2024,Mariana Lopez,Carlos Paz,Fanta Naranja 1.5L,Limpieza,4,2033.0,8132.0,0.07644196472238328,False,False,False,True,2033.0,mariana.lopez@mail.com,01-01-2023
105,06-02-2024,Mariana Lopez,Carlos Paz,Caramelos Masticables,Limpieza,2,4752.0,9504.0,0.3373845425047164,False,False,False,True,4752.0,mariana.lopez@mail.com,01-01-2023
105,06-02-2024,Mariana Lopez,Carlos Paz,Aceitunas Negras 200g,Limpieza,4,2394.0,9576.0,0.3510783220967922,False,False,False,True,2394.0,mariana.lopez@mail.com,01-01-2023
105,06-02-2024,Mariana Lopez,Carlos Paz,Salsa de Tomate 500g,Alimentos,5,887.0,4435.0,-0.6266955790540639,False,False,False,True,887.0,mariana.lopez@mail.com,01-01-2023
106,24-03-2024,Lucas Lopez,Alta Gracia,Caldo Concentrado Carne,Limpieza,3,2570.0,7710.0,-0.003818798997838724,False,False,False,True,2570.0,lucas.lopez@mail.com,23-03-2023
107,21-05-2024,Gael Martinez,Carlos Paz,Jugo de Manzana 1L,Alimentos,4,3269.0,13076.0,1.0167481633782542,True,False,False,False,3269.0,gael.martinez@mail.com,14-01-2023
107,21-05-2024,Gael Martinez,Carlos Paz,Café Molido 250g,Alimentos,2,2053.0,4106.0,-0.6892685441345214,True,False,False,False,2053.0,gael.martinez@mail.com,14-01-2023
107,21-05-2024,Gael Martinez,Carlos Paz,Té Negro 20 saquitos,Limpieza,4,570.0,2280.0,-1.0365580099002214,True,False,False,False,570.0,gael.martinez@mail.com,14-01-2023
107,21-05-2024,Gael Martinez,Carlos Paz,Agua Mineral 500ml,Alimentos,4,4777.0,19108.0,2.1639825869810485,True,False,False,False,4777.0,gael.martinez@mail.com,14-01-2023
108,25-03-2024,Yamila Molina,Carlos Paz,Toallas Húmedas x50,Limpieza,4,2902.0,11608.0,0.7375472128064867,False,False,True,False,2902.0,yamila.molina@mail.com,09-01-2023
109,04-06-2024,Julian Alvarez,Villa Maria,Queso Rallado 150g,Limpieza,1,3444.0,3444.0,-0.8151752398283294,False,False,False,True,3444.0,julian.alvarez@mail.com,05-03-2023
109,04-06-2024,Julian Alvarez,Villa Maria,Whisky 750ml,Limpieza,1,2953.0,2953.0,-0.9085592089909573,False,False,False,True,2953.0,julian.alvarez@mail.com,05-03-2023
109,04-06-2024,Julian Alvarez,Villa Maria,Pan Lactal Blanco,Limpieza,2,1571.0,3142.0,-0.8726130375617583,False,False,False,True,1571.0,julian.alvarez@mail.com,05-03-2023
109,04-06-2024,Julian Alvarez,Villa Maria,Arroz Largo Fino 1kg,Limpieza,5,2979.0,14895.0,1.3627062894613913,False,False,False,True,2979.0,julian.alvarez@mail.com,05-03-2023
110,19-05-2024,Mariana Rodriguez,Alta Gracia,Jugo de Naranja 1L,Limpieza,1,4170.0,4170.0,-0.6770962956082318,True,False,False,False,4170.0,mariana.rodriguez@mail.com,02-04-2023
110,19-05-2024,Mariana Rodriguez,Alta Gracia,Chicle Menta,Alimentos,3,3612.0,10836.0,0.5907194649581186,True,False,False,False,3612.0,mariana.rodriguez@mail.com,02-04-2023
110,19-05-2024,Mariana Rodriguez,Alta Gracia,Jugo de Naranja 1L,Limpieza,5,4170.0,20850.0,2.495295976555993,True,False,False,False,4170.0,mariana.rodriguez@mail.com,02-04-2023
111,12-02-2024,Rocio Alvarez,Cordoba,Limpiavidrios 500ml,Alimentos,4,872.0,3488.0,-0.8068068189665053,True,False,False,False,872.0,rocio.alvarez@mail.com,17-02-2023
111,12-02-2024,Rocio Alvarez,Cordoba,Cepillo de Dientes,Alimentos,3,2142.0,6426.0,-0.24802453505652367,True,False,False,False,2142.0,rocio.alvarez@mail.com,17-02-2023
111,12-02-2024,Rocio Alvarez,Cordoba,Pan Lactal Blanco,Limpieza,2,1571.0,3142.0,-0.8726130375617583,True,False,False,False,1571.0,rocio.alvarez@mail.com,17-02-2023
111,12-02-2024,Rocio Alvarez,Cordoba,Bizcochos Salados,Alimentos,4,2380.0,9520.0,0.3404276046362888,True,False,False,False,2380.0,rocio.alvarez@mail.com,17-02-2023
112,19-01-2024,Rocio Silva,Cordoba,Shampoo 400ml,Alimentos,1,1407.0,1407.0,-1.2025950874541402,False,False,True,False,1407.0,rocio.silva@mail.com,28-01-2023
112,19-01-2024,Rocio Silva,Cordoba,Pan Lactal Integral,Alimentos,4,272.0,1088.0,-1.263266138702365,False,False,True,False,272.0,rocio.silva@mail.com,28-01-2023
112,19-01-2024,Rocio Silva,Cordoba,Salsa de Tomate 500g,Alimentos,5,887.0,4435.0,-0.6266955790540639,False,False,True,False,887.0,rocio.silva@mail.com,28-01-2023
112,19-01-2024,Rocio Silva,Cordoba,Té Verde 20 saquitos,Alimentos,2,2383.0,4766.0,-0.5637422312071599,False,False,True,False,2383.0,rocio.silva@mail.com,28-01-2023
112,19-01-2024,Rocio Silva,Cordoba,Chicle Menta,Alimentos,1,3612.0,3612.0,-0.7832230874468192,False,False,True,False,3612.0,rocio.silva@mail.com,28-01-2023
113,08-03-2024,Camila Castro,Cordoba,Lavandina 1L,Alimentos,2,1664.0,3328.0,-0.8372374402822292,False,False,False,True,1664.0,camila.castro@mail.com,08-04-2023
113,08-03-2024,Camila Castro,Cordoba,Crema Dental 90g,Limpieza,3,2512.0,7536.0,-0.036912099678688554,False,False,False,True,2512.0,camila.castro@mail.com,08-04-2023
114,05-05-2024,Felipe Alvarez,Rio Cuarto,Energética Nitro 500ml,Limpieza,1,4218.0,4218.0,-0.6679671092135147,False,True,False,False,4218.0,felipe.alvarez@mail.com,16-01-2023
114,05-05-2024,Felipe Alvarez,Rio Cuarto,Queso Azul 150g,Limpieza,1,1645.0,1645.0,-1.1573295382470008,False,True,False,False,1645.0,felipe.alvarez@mail.com,16-01-2023
114,05-05-2024,Felipe Alvarez,Rio Cuarto,Yerba Mate Intensa 1kg,Limpieza,1,4883.0,4883.0,-0.5414898393700368,False,True,False,False,4883.0,felipe.alvarez@mail.com,16-01-2023
114,05-05-2024,Felipe Alvarez,Rio Cuarto,Shampoo 400ml,Alimentos,5,1407.0,7035.0,-0.13219798267354926,False,True,False,False,1407.0,felipe.alvarez@mail.com,16-01-2023
114,05-05-2024,Felipe Alvarez,Rio Cuarto,Crema Dental 90g,Limpieza,4,2512.0,10048.0,0.44084865497817793,False,True,False,False,2512.0,felipe.alvarez@mail.com,16-01-2023
115,16-02-2024,Hernan Martinez,Rio Cuarto,Queso Cremoso 500g,Alimentos,4,4834.0,19336.0,2.2073462223559552,False,False,False,True,4834.0,hernan.martinez@mail.com,03-01-2023
115,16-02-2024,Hernan Martinez,Rio Cuarto,Limpiavidrios 500ml,Alimentos,5,872.0,4360.0,-0.6409599327958095,False,False,False,True,872.0,hernan.martinez@mail.com,03-01-2023
115,16-02-2024,Hernan Martinez,Rio Cuarto,Mascarilla Capilar,Alimentos,4,1581.0,6324.0,-0.2674240561452977,False,False,False,True,1581.0,hernan.martinez@mail.com,03-01-2023
115,16-02-2024,Hernan Martinez,Rio Cuarto,Queso Azul 150g,Limpieza,2,1645.0,3290.0,-0.8444647128447137,False,False,False,True,1645.0,hernan.martinez@mail.com,03-01-2023
116,18-03-2024,Karina Castro,Rio Cuarto,Cerveza Rubia 1L,Alimentos,1,2423.0,2423.0,-1.009360642099293,False,True,False,False,2423.0,karina.castro@mail.com,25-01-2023
116,18-03-2024,Karina Castro,Rio Cuarto,Barrita de Cereal 30g,Alimentos,2,4430.0,8860.0,0.21490129170892738,False,True,False,False,4430.0,karina.castro@mail.com,25-01-2023
116,18-03-2024,Karina Castro,Rio Cuarto,Vinagre de Alcohol 500ml,Limpieza,4,1195.0,4780.0,-0.5610795518420342,False,True,False,False,1195.0,karina.castro@mail.com,25-01-2023
116,18-03-2024,Karina Castro,Rio Cuarto,Jabón de Tocador,Limpieza,5,1592.0,7960.0,0.043729046807979996,False,True,False,False,1592.0,karina.castro@mail.com,25-01-2023
116,18-03-2024,Karina Castro,Rio Cuarto,Toallas Húmedas x50,Limpieza,4,2902.0,11608.0,0.7375472128064867,False,True,False,False,2902.0,karina.castro@mail.com,25-01-2023
117,14-03-2024,Camila Rodriguez,Cordoba,Vino Tinto Malbec 750ml,Alimentos,4,4719.0,18876.0,2.1198581860732486,False,False,True,False,4719.0,camila.rodriguez@mail.com,13-03-2023
117,14-03-2024,Camila Rodriguez,Cordoba,Miel Pura 250g,Alimentos,2,4982.0,9964.0,0.42487257878742285,False,False,True,False,4982.0,camila.rodriguez@mail.com,13-03-2023
118,09-02-2024,Pablo Sanchez,Cordoba,Vino Blanco 750ml,Limpieza,5,2684.0,13420.0,1.082173999207061,True,False,False,False,2684.0,pablo.sanchez@mail.com,25-03-2023
118,09-02-2024,Pablo Sanchez,Cordoba,Vino Blanco 750ml,Limpieza,3,2684.0,8052.0,0.06122665406452128,True,False,False,False,2684.0,pablo.sanchez@mail.com,25-03-2023
118,09-02-2024,Pablo Sanchez,Cordoba,Fernet 750ml,Limpieza,2,4061.0,8122.0,0.07454005089015053,True,False,False,False,4061.0,pablo.sanchez@mail.com,25-03-2023
118,09-02-2024,Pablo Sanchez,Cordoba,Cepillo de Dientes,Alimentos,3,2142.0,6426.0,-0.24802453505652367,True,False,False,False,2142.0,pablo.sanchez@mail.com,25-03-2023
118,09-02-2024,Pablo Sanchez,Cordoba,Azúcar 1kg,Limpieza,2,727.0,1454.0,-1.1936560924426465,True,False,False,False,727.0,pablo.sanchez@mail.com,25-03-2023
119,07-02-2024,Agustina Gomez,Rio Cuarto,Fideos Spaghetti 500g,Alimentos,5,745.0,3725.0,-0.7617314611425892,False,True,False,False,745.0,agustina.gomez@mail.com,20-02-2023
120,21-04-2024,Camila Rodriguez,Cordoba,Pan Lactal Blanco,Limpieza,5,1571.0,7855.0,0.023758951569536134,False,False,True,False,1571.0,camila.rodriguez@mail.com,13-03-2023
